Workbook

Sheet Sheet1
A1: MSSV | B1: Hoten | C1: Lop | D1: MaMH | E1: Diem
A2: 1111434 | B2: Lê Huỳnh Như | C2: DI11Y9A2 | D2: =VLOOKUP(A2,Sheet2!A:C,2,FALSE()) -> CT447 | E2: =VLOOKUP(A2,Sheet2!A:C,3,FALSE()) -> A
A3: 1111450 | B3: Sơn Sony | C3: DI11Y9A1 | D3: =VLOOKUP(A3,Sheet2!A:C,2,FALSE()) -> CT107 | E3: =VLOOKUP(A3,Sheet2!A:C,3,FALSE()) -> A
A4: A1200014 | B4: Võ Đông Triều | C4: CP1296C1 | D4: =VLOOKUP(A4,Sheet2!A:C,2,FALSE()) -> CT178 | E4: =VLOOKUP(A4,Sheet2!A:C,3,FALSE()) -> C
A5: A1200028 | B5: Lê Phong Cảnh | C5: CP1296C1 | D5: =VLOOKUP(A5,Sheet2!A:C,2,FALSE()) -> CT447 | E5: =VLOOKUP(A5,Sheet2!A:C,3,FALSE()) -> D
A6: A1200137 | B6: Trần Tấn Quốc | C6: CP1296C1 | D6: =VLOOKUP(A6,Sheet2!A:C,2,FALSE()) -> CT107 | E6: =VLOOKUP(A6,Sheet2!A:C,3,FALSE()) -> B
A7: B1204052 | B7: Nguyễn Thanh Phong | C7: DI1296A2 | D7: =VLOOKUP(A7,Sheet2!A:C,2,FALSE()) -> CT178 | E7: =VLOOKUP(A7,Sheet2!A:C,3,FALSE()) -> A
A8: B1204121 | B8: Nguyễn Thanh Thiện | C8: DI1295A1 | D8: =VLOOKUP(A8,Sheet2!A:C,2,FALSE()) -> CT447 | E8: =VLOOKUP(A8,Sheet2!A:C,3,FALSE()) -> A
A9: B1208601 | B9: Hồ Thị Huế Chi | C9: DI12Z6A2 | D9: =VLOOKUP(A9,Sheet2!A:C,2,FALSE()) -> CT107 | E9: =VLOOKUP(A9,Sheet2!A:C,3,FALSE()) -> C
A10: B1209103 | B10: Nguyễn Hoài Nam | C10: TC12Z5A1 | D10: =VLOOKUP(A10,Sheet2!A:C,2,FALSE()) -> CT178 | E10: =VLOOKUP(A10,Sheet2!A:C,3,FALSE()) -> D
A11: B1209107 | B11: Cao Tuấn Nguyên | C11: TC12Z5A1 | D11: =VLOOKUP(A11,Sheet2!A:C,2,FALSE()) -> CT447 | E11: =VLOOKUP(A11,Sheet2!A:C,3,FALSE()) -> B
A12: B1209144 | B12: Huỳnh Nhựt Thương | C12: TC12Z5A2 | D12: =VLOOKUP(A12,Sheet2!A:C,2,FALSE()) -> CT107 | E12: =VLOOKUP(A12,Sheet2!A:C,3,FALSE()) -> A
A13: B1302016 | B13: Nguyễn Phước Toàn | C13: XH13W9A1 | D13: =VLOOKUP(A13,Sheet2!A:C,2,FALSE()) -> CT178 | E13: =VLOOKUP(A13,Sheet2!A:C,3,FALSE()) -> A
... A15: B1304494 | B15: Kim Mel | C15: DI13Z6A1 | D15: =VLOOKUP(A15,Sheet2!A:C,2,FALSE()) -> CT107 | E15: =VLOOKUP(A15,Sheet2!A:C,3,FALSE()) -> D

Sheet Sheet2
A1: MSSV | B1: MaMH | C1: Diem
A2: 1111434 | B2: CT447 | C2: A
A3: 1111450 | B3: CT107 | C3: A
A4: A1200014 | B4: CT178 | C4: C
A5: A1200028 | B5: CT447 | C5: D
A6: A1200137 | B6: CT107 | C6: B
A7: B1204052 | B7: CT178 | C7: A
A8: B1204121 | B8: CT447 | C8: A
A9: B1208601 | B9: CT107 | C9: C
A10: B1209103 | B10: CT178 | C10: D
A11: B1209107 | B11: CT447 | C11: B
A12: B1209144 | B12: CT107 | C12: A
... A15: B1304494 | B15: CT107 | C15: D
C16: B

Sheet Sheet3
A1: MaMH | B1: TenMH | C1: TinChi
A2: CT447 | B2: Quan Tri He Thong | C2: 3
A3: CT107 | B3: He Dieu Hanh | C3: 3
A4: CT178 | B4: Nen tang CNTT | C4: 3

Sheet CAU 1
A1: MSSV | B1: Hoten | C1: Lop | D1: MaMH | E1: Diem
A2: B1204052 | B2: Nguyễn Thanh Phong | C2: DI1296A2 | D2: CT178 | E2: A

Sheet CAU 2
A1: MSSV | B1: Hoten | C1: Lop | D1: MaMH | E1: Diem
A2: A1200014 | B2: Võ Đông Triều | C2: CP1296C1 | D2: CT178 | E2: C
A3: B1204052 | B3: Nguyễn Thanh Phong | C3: DI1296A2 | D3: CT178 | E3: A
A4: B1209103 | B4: Nguyễn Hoài Nam | C4: TC12Z5A1 | D4: CT178 | E4: D
A5: B1302016 | B5: Nguyễn Phước Toàn | C5: XH13W9A1 | D5: CT178 | E5: A

Sheet CAU 3
A1: MSSV | B1: Hoten | C1: Lop | D1: MaMH | E1: Diem
A2: A1200014 | B2: Võ Đông Triều | C2: CP1296C1 | D2: CT178 | E2: C

Sheet CAU 4
A1: MSSV | B1: Hoten | C1: Lop | D1: MaMH | E1: Diem
A2: A1200014 | B2: Võ Đông Triều | C2: CP1296C1 | D2: CT178 | E2: C
